val_acc,top5
0.8912876459741856,0.9838660110633067
