val_acc,top5
0.8131146281133346,0.9706515058023327
